{
  "standard_rag": {
    "method": "standard_rag",
    "admissibility_rate": 1.0,
    "depth_accuracy": 0.0767,
    "ndcg@10": 0.6489,
    "mrr": 1.0,
    "coverage@k": 0.6489,
    "mce": 0.1253,
    "sim_learning_gain": 0.0555,
    "n_samples": 20000,
    "per_week": {
      "0": {
        "admissibility": 1.0,
        "depth_acc": 0.23349999999999999,
        "ndcg": 0.6489315753318465,
        "learning_gain": 0.04007226121701998
      },
      "1": {
        "admissibility": 1.0,
        "depth_acc": 0.10929999999999998,
        "ndcg": 0.6489315753318465,
        "learning_gain": 0.04972592601976053
      },
      "2": {
        "admissibility": 1.0,
        "depth_acc": 0.09100000000000001,
        "ndcg": 0.6489315753318465,
        "learning_gain": 0.055544508002279
      },
      "3": {
        "admissibility": 1.0,
        "depth_acc": 0.1025,
        "ndcg": 0.6489315753318465,
        "learning_gain": 0.059898419840053466
      },
      "4": {
        "admissibility": 1.0,
        "depth_acc": 0.0727,
        "ndcg": 0.6489315753318465,
        "learning_gain": 0.05831822575641578
      },
      "5": {
        "admissibility": 1.0,
        "depth_acc": 0.029400000000000003,
        "ndcg": 0.6489315753318465,
        "learning_gain": 0.05677650995427716
      },
      "6": {
        "admissibility": 1.0,
        "depth_acc": 0.0512,
        "ndcg": 0.6489315753318465,
        "learning_gain": 0.05938601666091401
      },
      "7": {
        "admissibility": 1.0,
        "depth_acc": 0.039200000000000006,
        "ndcg": 0.6489315753318465,
        "learning_gain": 0.059187713889251856
      },
      "8": {
        "admissibility": 1.0,
        "depth_acc": 0.011000000000000001,
        "ndcg": 0.6489315753318465,
        "learning_gain": 0.05698326193744917
      },
      "9": {
        "admissibility": 1.0,
        "depth_acc": 0.027200000000000005,
        "ndcg": 0.6489315753318465,
        "learning_gain": 0.059455364040025424
      }
    }
  },
  "pledge_naive_kt": {
    "method": "pledge_naive_kt",
    "admissibility_rate": 1.0,
    "depth_accuracy": 0.0717,
    "ndcg@10": 0.6489,
    "mrr": 1.0,
    "coverage@k": 0.6489,
    "mce": 0.1253,
    "sim_learning_gain": 0.0554,
    "n_samples": 20000,
    "per_week": {
      "0": {
        "admissibility": 1.0,
        "depth_acc": 0.22790000000000002,
        "ndcg": 0.6489315753318465,
        "learning_gain": 0.040293532775645576
      },
      "1": {
        "admissibility": 1.0,
        "depth_acc": 0.09689999999999997,
        "ndcg": 0.6489315753318465,
        "learning_gain": 0.04921659227978622
      },
      "2": {
        "admissibility": 1.0,
        "depth_acc": 0.0851,
        "ndcg": 0.6489315753318465,
        "learning_gain": 0.05601594539908458
      },
      "3": {
        "admissibility": 1.0,
        "depth_acc": 0.0986,
        "ndcg": 0.6489315753318465,
        "learning_gain": 0.05990590259737938
      },
      "4": {
        "admissibility": 1.0,
        "depth_acc": 0.068,
        "ndcg": 0.6489315753318465,
        "learning_gain": 0.05795780886562123
      },
      "5": {
        "admissibility": 1.0,
        "depth_acc": 0.028100000000000003,
        "ndcg": 0.6489315753318465,
        "learning_gain": 0.056893033070648164
      },
      "6": {
        "admissibility": 1.0,
        "depth_acc": 0.04660000000000001,
        "ndcg": 0.6489315753318465,
        "learning_gain": 0.05892689514619412
      },
      "7": {
        "admissibility": 1.0,
        "depth_acc": 0.035500000000000004,
        "ndcg": 0.6489315753318465,
        "learning_gain": 0.059032702716385936
      },
      "8": {
        "admissibility": 1.0,
        "depth_acc": 0.0057,
        "ndcg": 0.6489315753318465,
        "learning_gain": 0.05636500421670403
      },
      "9": {
        "admissibility": 1.0,
        "depth_acc": 0.024300000000000006,
        "ndcg": 0.6489315753318465,
        "learning_gain": 0.05930790131647488
      }
    }
  },
  "pledge_karma_full": {
    "method": "pledge_karma_full",
    "admissibility_rate": 1.0,
    "depth_accuracy": 0.0645,
    "ndcg@10": 0.6489,
    "mrr": 1.0,
    "coverage@k": 0.6489,
    "mce": 0.1253,
    "sim_learning_gain": 0.0549,
    "n_samples": 20000,
    "per_week": {
      "0": {
        "admissibility": 1.0,
        "depth_acc": 0.21539999999999995,
        "ndcg": 0.6489315753318465,
        "learning_gain": 0.039821987222915044
      },
      "1": {
        "admissibility": 1.0,
        "depth_acc": 0.0836,
        "ndcg": 0.6489315753318465,
        "learning_gain": 0.04830110389942067
      },
      "2": {
        "admissibility": 1.0,
        "depth_acc": 0.0733,
        "ndcg": 0.6489315753318465,
        "learning_gain": 0.05506759986119554
      },
      "3": {
        "admissibility": 1.0,
        "depth_acc": 0.0932,
        "ndcg": 0.6489315753318465,
        "learning_gain": 0.05958559460881589
      },
      "4": {
        "admissibility": 1.0,
        "depth_acc": 0.0614,
        "ndcg": 0.6489315753318465,
        "learning_gain": 0.05734011089827163
      },
      "5": {
        "admissibility": 1.0,
        "depth_acc": 0.021500000000000005,
        "ndcg": 0.6489315753318465,
        "learning_gain": 0.05646159990002189
      },
      "6": {
        "admissibility": 1.0,
        "depth_acc": 0.0417,
        "ndcg": 0.6489315753318465,
        "learning_gain": 0.058752873209623996
      },
      "7": {
        "admissibility": 1.0,
        "depth_acc": 0.0317,
        "ndcg": 0.6489315753318465,
        "learning_gain": 0.05895469210918652
      },
      "8": {
        "admissibility": 1.0,
        "depth_acc": 0.0016000000000000003,
        "ndcg": 0.6489315753318465,
        "learning_gain": 0.056083578767737334
      },
      "9": {
        "admissibility": 1.0,
        "depth_acc": 0.0218,
        "ndcg": 0.6489315753318465,
        "learning_gain": 0.05893730587051046
      }
    }
  }
}