{
  "standard_rag": {
    "method": "standard_rag",
    "admissibility_rate": 0.0377,
    "depth_accuracy": 0.0412,
    "ndcg@10": 0.0232,
    "mrr": 0.0714,
    "coverage@k": 0.0232,
    "mce": 0.1627,
    "sim_learning_gain": -0.0229,
    "n_samples": 1200,
    "per_week": {
      "0": {
        "admissibility": 0.03866666666666666,
        "depth_acc": 0.08066666666666668,
        "ndcg": 0.022781575208755084,
        "learning_gain": -0.022728573535873937
      },
      "1": {
        "admissibility": 0.03666666666666667,
        "depth_acc": 0.007333333333333333,
        "ndcg": 0.02219997966968083,
        "learning_gain": -0.02474243913528728
      },
      "2": {
        "admissibility": 0.034666666666666665,
        "depth_acc": 0.06933333333333333,
        "ndcg": 0.022479037581848906,
        "learning_gain": -0.02200101372351319
      },
      "3": {
        "admissibility": 0.04066666666666666,
        "depth_acc": 0.007333333333333332,
        "ndcg": 0.025422702160900378,
        "learning_gain": -0.022050929954175347
      }
    }
  },
  "pledge_naive_kt": {
    "method": "pledge_naive_kt",
    "admissibility_rate": 0.0257,
    "depth_accuracy": 0.0383,
    "ndcg@10": 0.0167,
    "mrr": 0.0576,
    "coverage@k": 0.0167,
    "mce": 0.1627,
    "sim_learning_gain": -0.0227,
    "n_samples": 1200,
    "per_week": {
      "0": {
        "admissibility": 0.016666666666666663,
        "depth_acc": 0.07600000000000001,
        "ndcg": 0.01060510554205973,
        "learning_gain": -0.023422432678435818
      },
      "1": {
        "admissibility": 0.03200000000000001,
        "depth_acc": 0.006666666666666667,
        "ndcg": 0.018508208931487913,
        "learning_gain": -0.023984857888473817
      },
      "2": {
        "admissibility": 0.02533333333333334,
        "depth_acc": 0.07,
        "ndcg": 0.01634733882546336,
        "learning_gain": -0.022752103369270995
      },
      "3": {
        "admissibility": 0.028666666666666667,
        "depth_acc": 0.0006666666666666666,
        "ndcg": 0.021410218223479376,
        "learning_gain": -0.02078469886531402
      }
    }
  },
  "pledge_karma_full": {
    "method": "pledge_karma_full",
    "admissibility_rate": 0.1808,
    "depth_accuracy": 0.0735,
    "ndcg@10": 0.1343,
    "mrr": 0.398,
    "coverage@k": 0.1343,
    "mce": 0.1627,
    "sim_learning_gain": 0.0022,
    "n_samples": 1200,
    "per_week": {
      "0": {
        "admissibility": 0.16333333333333336,
        "depth_acc": 0.14466666666666667,
        "ndcg": 0.11741800595340512,
        "learning_gain": -0.0026126161955184403
      },
      "1": {
        "admissibility": 0.20533333333333334,
        "depth_acc": 0.04466666666666667,
        "ndcg": 0.14887281113946807,
        "learning_gain": 0.004739994108653412
      },
      "2": {
        "admissibility": 0.18000000000000002,
        "depth_acc": 0.08066666666666666,
        "ndcg": 0.13995964302682407,
        "learning_gain": 0.00580568757690413
      },
      "3": {
        "admissibility": 0.1746666666666667,
        "depth_acc": 0.024000000000000004,
        "ndcg": 0.1310468706931211,
        "learning_gain": 0.0007299479808110109
      }
    }
  }
}